Time,X Coord,Y Coord,Radius
1578054599.1973426,190.5,345.0,18.649656295776367
1578054613.83562,183.5,349.0,12.093486785888672
