Time,X Coord,Y Coord,Radius
1576515046.309945,-3.5,172.0,281.4605712890625
