Time,X Coord,Y Coord,Z Coord,Radius,Framenumber,FPS
1581427143.4162805,-40.661875,-1.1959375,-46.078785784574144,28.377479553222656,1,0.12744006302675756
