Time,X Coord,Y Coord,Radius,Framenumber,FPS
1581427143.4162805,33.0,4.0,28.377479553222656,1,0.12744006302675756
