Time,Z-Coordinate,PID Output
1578661298.1135912,nan,nan
1578661298.1245852,nan,nan
1578661298.137578,nan,nan
1578661298.1455731,nan,nan
1578661298.1545691,nan,nan
1578661298.1625636,nan,nan
1578661298.172559,nan,nan
1578661298.1835525,nan,nan
1578661298.1915472,nan,nan
1578661298.2025416,nan,nan
1578661298.209537,nan,nan
1578661298.2195313,nan,nan
1578661298.2295306,nan,nan
1578661298.2425184,nan,nan
1578661298.2535124,nan,nan
1578661298.2675042,nan,nan
1578661298.2784986,nan,nan
1578661298.2864935,nan,nan
1578661298.2994864,nan,nan
1578661298.3084807,nan,nan
1578661298.316476,nan,nan
1578661298.3294697,nan,nan
1578661298.338464,nan,nan
1578661298.3474586,nan,nan
1578661298.3574533,nan,nan
1578661298.3654485,nan,nan
1578661298.3774421,nan,nan
1578661298.3854373,nan,nan
1578661298.3944328,nan,nan
1578661298.4054284,nan,nan
1578661298.4124217,nan,nan
1578661298.4224172,nan,nan
1578661298.4294121,nan,nan
1578661298.4384074,nan,nan
1578661298.4464037,nan,nan
1578661298.4583962,nan,nan
1578661298.4673915,nan,nan
1578661298.4773853,nan,nan
1578661298.4913774,nan,nan
1578661298.5003726,nan,nan
1578661298.5083678,nan,nan
1578661298.5213604,nan,nan
1578661298.529361,nan,nan
1578661298.5393507,nan,nan
1578661298.549345,nan,nan
1578661298.5563412,nan,nan
1578661298.5713325,nan,nan
1578661298.5788991,nan,nan
1578661298.588879,nan,nan
1578661298.6058693,nan,nan
1578661298.618862,nan,nan
1578661298.6278572,nan,nan
1578661298.6358523,nan,nan
1578661298.650844,nan,nan
1578661298.6598442,nan,nan
1578661298.6678355,nan,nan
1578661298.6788344,nan,nan
1578661298.6888223,nan,nan
1578661298.698817,nan,nan
1578661298.7078114,nan,nan
1578661298.7168064,nan,nan
1578661298.7288003,nan,nan
1578661298.7377949,nan,nan
1578661298.74679,nan,nan
1578661298.7557845,nan,nan
1578661298.7637796,nan,nan
1578661298.7737746,nan,nan
1578661298.7827694,nan,nan
1578661298.794762,nan,nan
1578661298.8057563,nan,nan
1578661298.8137524,nan,nan
1578661298.8267443,nan,nan
1578661298.8347402,nan,nan
1578661298.8437357,nan,nan
1578661298.857727,nan,nan
1578661298.8657224,nan,nan
1578661298.8757172,nan,nan
1578661298.8847117,nan,nan
