Time,Z-Coordinate,PID Output
1580142788.4312763,nan,nan
1580142788.5447721,nan,nan
1580142788.653757,nan,nan
1580142788.715787,nan,nan
1580142788.7337778,nan,nan
1580142788.7617614,nan,nan
1580142788.7848482,nan,nan
1580142788.808835,nan,nan
1580142788.8288236,nan,nan
1580142788.8528101,nan,nan
1580142788.8728015,nan,nan
1580142788.9097955,nan,nan
1580142788.981763,nan,nan
1580142789.0087478,nan,nan
1580142789.061768,nan,nan
1580142789.098767,nan,nan
1580142789.1507812,nan,nan
1580142789.1887612,nan,nan
1580142789.21979,nan,nan
1580142789.2718098,nan,nan
1580142789.3087811,nan,nan
1580142789.3277707,nan,nan
1580142789.3447633,nan,nan
1580142789.3742356,nan,nan
1580142789.3942268,nan,nan
1580142789.4302044,nan,nan
1580142789.4931695,nan,nan
1580142789.524154,nan,nan
1580142789.572126,nan,nan
1580142789.60011,nan,nan
1580142789.631093,nan,nan
1580142789.673072,nan,nan
1580142789.698056,nan,nan
1580142789.7210453,nan,nan
1580142789.7430308,nan,nan
1580142789.7680173,nan,nan
1580142789.797006,nan,nan
1580142789.819988,nan,nan
1580142789.8489723,nan,nan
1580142789.8909485,nan,nan
1580142789.9519668,nan,nan
1580142789.9979348,nan,nan
1580142790.030917,nan,nan
1580142790.0539403,nan,nan
1580142790.1019225,nan,nan
1580142790.1259444,nan,nan
1580142790.1509302,nan,nan
1580142790.1879256,nan,nan
1580142790.216911,nan,nan
1580142790.246935,nan,nan
1580142790.2709224,nan,nan
1580142790.2929316,nan,nan
1580142790.3299112,nan,nan
1580142790.3499174,nan,nan
1580142790.3729048,nan,nan
1580142790.3989098,nan,nan
1580142790.4179008,nan,nan
1580142790.4769044,nan,nan
1580142790.5018919,nan,nan
1580142790.5678906,nan,nan
1580142790.5859284,nan,nan
1580142790.6169086,nan,nan
1580142790.6539066,nan,nan
1580142790.6928935,nan,nan
1580142790.7398589,nan,nan
1580142790.7888548,nan,nan
1580142790.8128726,nan,nan
1580142790.833861,nan,nan
1580142790.8668609,nan,nan
1580142790.8938468,nan,nan
1580142790.919831,nan,nan
1580142790.9798453,nan,nan
1580142791.0128272,nan,nan
1580142791.0558033,nan,nan
1580142791.1148174,nan,nan
1580142791.1518536,nan,nan
1580142791.175806,nan,nan
1580142791.2018907,nan,nan
1580142791.2268422,nan,nan
1580142791.2508285,nan,nan
1580142791.3118236,nan,nan
1580142791.3728132,nan,nan
1580142791.4238236,nan,nan
1580142791.4798276,nan,nan
1580142791.5358412,nan,nan
1580142791.6188185,nan,nan
