Time,Z-Coordinate,PID Output
1582098363.8705933,67.0,nan
1582098363.9195642,67.0,nan
1582098363.958542,67.0,nan
1582098363.9995184,68.0,nan
1582098364.0364974,67.0,nan
1582098364.0724761,67.0,nan
1582098364.1064615,67.0,nan
1582098364.1484373,68.0,nan
1582098364.184417,67.0,nan
1582098364.2153997,67.0,nan
1582098364.2473803,67.0,nan
1582098364.2743647,67.0,nan
1582098364.3147433,67.0,nan
1582098364.345726,68.0,nan
