Time,Z-Coordinate,PID Output
1580141151.543101,nan,nan
1580141151.6740274,nan,nan
1580141151.7299957,nan,nan
1580141151.8139515,nan,nan
1580141151.8489292,nan,nan
1580141151.9128935,nan,nan
1580141151.9728599,nan,nan
1580141152.0328271,nan,nan
1580141152.0748022,nan,nan
1580141152.1607542,nan,nan
1580141152.183741,nan,nan
1580141152.2257175,nan,nan
1580141152.2946787,nan,nan
1580141152.3386545,nan,nan
1580141152.3786314,nan,nan
1580141152.4036183,nan,nan
1580141152.4505913,nan,nan
1580141152.4870772,nan,nan
1580141152.5240564,nan,nan
1580141152.5640373,nan,nan
1580141152.602017,nan,nan
1580141152.6439893,nan,nan
1580141152.693962,nan,nan
1580141152.7379365,nan,nan
1580141152.775915,nan,nan
1580141152.8089015,nan,nan
1580141152.868865,nan,nan
1580141152.8998454,nan,nan
1580141152.9358256,nan,nan
1580141152.9847977,nan,nan
1580141153.0227761,nan,nan
1580141153.0617542,nan,nan
1580141153.0957608,nan,nan
1580141153.1398032,nan,nan
1580141153.2088995,nan,nan
1580141153.2439132,nan,nan
1580141153.282953,nan,nan
1580141153.3429978,nan,nan
1580141153.3960094,nan,nan
1580141153.4260168,nan,nan
1580141153.4580219,nan,nan
1580141153.4970672,nan,nan
1580141153.5180552,nan,nan
1580141153.5503528,nan,nan
1580141153.5763397,nan,nan
1580141153.60932,nan,nan
1580141153.6492965,nan,nan
1580141153.7322502,nan,nan
1580141153.7774818,nan,nan
1580141153.804467,nan,nan
1580141153.8344488,nan,nan
1580141153.8864202,nan,nan
1580141153.908407,nan,nan
1580141153.9573886,nan,nan
1580141154.0033543,nan,nan
1580141154.0373352,nan,nan
1580141154.0663245,nan,nan
1580141154.0983007,nan,nan
1580141154.1362798,nan,nan
1580141154.174258,nan,nan
1580141154.2062402,nan,nan
1580141154.2432196,nan,nan
1580141154.2772002,nan,nan
1580141154.3121815,nan,nan
1580141154.3431628,nan,nan
