Time,Z-Coordinate,PID Output
1580141268.9756103,nan,nan
1580141269.0665588,nan,nan
1580141269.129523,nan,nan
1580141269.1934867,nan,nan
1580141269.260449,nan,nan
1580141269.310421,nan,nan
1580141269.384392,nan,nan
1580141269.449342,nan,nan
1580141269.5013127,nan,nan
1580141269.562278,nan,nan
1580141269.6012561,nan,nan
1580141269.640234,nan,nan
1580141269.6952765,nan,nan
1580141269.7283013,nan,nan
1580141269.8093114,nan,nan
1580141269.8803275,nan,nan
1580141269.9223416,nan,nan
1580141269.9854028,nan,nan
1580141270.0493894,nan,nan
1580141270.0924993,nan,nan
1580141270.1414819,nan,nan
1580141270.1724658,nan,nan
1580141270.2094436,nan,nan
1580141270.2744772,nan,nan
1580141270.3374934,nan,nan
1580141270.3636174,nan,nan
1580141270.44154,nan,nan
1580141270.4805176,nan,nan
1580141270.51353,nan,nan
1580141270.5555205,nan,nan
1580141270.5915003,nan,nan
1580141270.6215117,nan,nan
1580141270.6504953,nan,nan
1580141270.6864977,nan,nan
1580141270.7094843,nan,nan
1580141270.743489,nan,nan
1580141270.7854652,nan,nan
1580141270.8384354,nan,nan
1580141270.8834555,nan,nan
1580141270.9334426,nan,nan
1580141270.9674397,nan,nan
1580141270.997447,nan,nan
1580141271.0414522,nan,nan
1580141271.072956,nan,nan
1580141271.1154463,nan,nan
1580141271.1474783,nan,nan
1580141271.1864562,nan,nan
1580141271.220437,nan,nan
1580141271.2614198,nan,nan
1580141271.303396,nan,nan
1580141271.3543622,nan,nan
1580141271.4143274,nan,nan
1580141271.4692965,nan,nan
1580141271.517269,nan,nan
1580141271.6022391,nan,nan
1580141271.6622324,nan,nan
1580141271.7232165,nan,nan
1580141271.7522001,nan,nan
1580141271.8051987,nan,nan
1580141271.8501732,nan,nan
1580141271.9081411,nan,nan
1580141271.9741564,nan,nan
1580141272.0231214,nan,nan
1580141272.050106,nan,nan
1580141272.0791228,nan,nan
1580141272.1310923,nan,nan
1580141272.1730697,nan,nan
1580141272.2350557,nan,nan
1580141272.3090138,nan,nan
1580141272.3859706,nan,nan
1580141272.4379637,nan,nan
1580141272.461952,nan,nan
1580141272.5169458,nan,nan
1580141272.5579228,nan,nan
1580141272.6338806,nan,nan
1580141272.6738853,nan,nan
1580141272.7248585,nan,nan
